layer,count,percent
Device,67.5,21.844660194174757
Edge,54.0,17.475728155339805
Fog,78.0,25.24271844660194
Cloud,28.5,9.223300970873787
Cross-cutting,81.0,26.21359223300971
