iso,count,percent
Interface Capability,57.0,18.446601941747574
Data Capabilities,25.0,8.090614886731391
Supporting Capabilities,227.0,73.46278317152104
